{
  "_doodad_file_version": 1,
  "actor_classes": [
    {
      "bp": "BlueprintGeneratedClass''",
      "pa": "D_Temple10"
    }
  ],
  "placements": {
    "B0AA115E-45D1-D80E-E724-D0964D44C77C": {
      "class": 0,
      "collision": true,
      "homing": true,
      "trs": [
        -7027.984827626264,
        4410.530398766674,
        768.0000308361975,
        0.0,
        116.44734,
        0.0,
        2.0,
        2.0,
        2.0
      ]
    },
    "C7CD5D61-498E-BEBF-FED1-0FBCE457EAF0": {
      "class": 0,
      "collision": true,
      "homing": true,
      "trs": [
        -6798.776743626264,
        4524.546424766674,
        768.0000308361975,
        0.0,
        -63.552659999999975,
        0.0,
        2.0,
        2.0,
        2.0
      ]
    },
    "EFF127EC-43FE-CD0B-2CD8-51A59B23F9F9": {
      "class": 0,
      "collision": true,
      "homing": true,
      "trs": [
        6798.776743626264,
        -4524.546424766674,
        768.0000308361975,
        0.0,
        116.44734000000003,
        0.0,
        2.0,
        2.0,
        2.0
      ]
    },
    "F425FA8D-4803-FB16-F5E3-B9966883D519": {
      "class": 0,
      "collision": true,
      "homing": true,
      "trs": [
        7027.984827626264,
        -4410.530398766674,
        768.0000308361975,
        0.0,
        -63.55266,
        0.0,
        2.0,
        2.0,
        2.0
      ]
    }
  }
}